date,link,title
Tue Dec 10,/mnh/cas/4238069029.html,Looking to have and give good time top or bottom safe only  - m4t
Tue Dec 10,/wch/cas/4238057537.html,This isn't the kind of snow I had in mind!  - w4m
Tue Dec 10,/que/cas/4238078989.html,ladyboy please call me - m4t
Tue Dec 10,/wch/cas/4233990122.html,Call Now For SHAYS Uncovered Blow Jobs Starting 80 Cal - w4m
Tue Dec 10,/brk/cas/4238073360.html,JERK BUDS - m4m
Tue Dec 10,/mnh/cas/4230740104.html,Straight but horny - m4m
Tue Dec 10,/brx/cas/4234097128.html,Call Now For SHAYS Uncovered Blow Jobs Starting 80 Cal - w4m
Tue Dec 10,/mnh/cas/4237879205.html,Jenny Has a Secret! - w4m
Tue Dec 10,/mnh/cas/4238077356.html,chill buddy - m4m
Tue Dec 10,/mnh/cas/4238077151.html,Naughty Top Tchick Bored and Horny - t4m
Tue Dec 10,/brk/cas/4234211614.html, DADDIES...GRANDNPAS....LETS CHAT - w4m
Tue Dec 10,/brx/cas/4238076768.html,Hey lets do something ! - m4w
Tue Dec 10,/fct/cas/4230746683.html,any uncut lovers? - m4w
Tue Dec 10,/lgi/cas/4208350414.html,YOUNG GUY SEEKS GIRL FOR SOME FUN:) - m4w
Tue Dec 10,/lgi/cas/4237938824.html,PRETTY MIX LATINA READY NOW * VISTING * - t4m
Tue Dec 10,/mnh/cas/4229513467.html,I Suck Off Hung Straight Guys - m4m
Tue Dec 10,/mnh/cas/4238060073.html,LATINA IN TOWN FOR A NITE !!!! - w4m
Tue Dec 10,/lgi/cas/4228469825.html,looking for young hs guys or college freshman - m4m
Tue Dec 10,/stn/cas/4223116677.html,if you like getting - m4m
Tue Dec 10,/lgi/cas/4238038958.html,blow and go! - m4m
Tue Dec 10,/lgi/cas/4238073586.html,Looking to sub - m4m
Tue Dec 10,/mnh/cas/4228668419.html,interacial  couple seeks female - mw4w
Tue Dec 10,/brk/cas/4189324404.html,watch you masturbate - m4w
Tue Dec 10,/que/cas/4231754915.html,Sara BJ Special - w4m
Tue Dec 10,/que/cas/4237969582.html,Haitian/ Dominican man Looking for a couple  - m4mw
Tue Dec 10,/que/cas/4238049516.html,"TS/TG, any age, for Breast Play - m4t"
Tue Dec 10,/mnh/cas/4187588296.html,DESPERATELY LOOKING FOR A HAIRY BUSH  - m4w
Tue Dec 10,/brk/cas/4233208263.html,"Hot/Hung Looking For a FIT Girl w/ a Bigger, Oversized, Heavy Butt - m4w"
Tue Dec 10,/mnh/cas/4237929758.html,Muse? Distraction Needed. - m4w
Tue Dec 10,/mnh/cas/4238023909.html,Thick black dick looking to travel  - m4m
Tue Dec 10,/brx/cas/4237952379.html,Top Ts Amazon ready to play 10 uncut click HERE! - t4m
Tue Dec 10,/mnh/cas/4237963677.html,WHO WANTS TO MEET UP? - m4mw
Tue Dec 10,/brx/cas/4238034161.html,I want a verse / top tonight!  - m4t
Tue Dec 10,/que/cas/4237922702.html,Need Help with a job ! - w4m
Tue Dec 10,/mnh/cas/4238000357.html,"Lunch with us tomorrow, Wednesday 12/11 - mw4m w4m"
Tue Dec 10,/brk/cas/4238053784.html,Eat Pussy Fuck! - w4m
Tue Dec 10,/brk/cas/4238059280.html,VGL guy looking for asian girl to date - m4t
Tue Dec 10,/que/cas/4238055419.html,welcome to ur personal heaven - w4m
Tue Dec 10,/que/cas/4238067394.html,Need one more for a three -way - t4m
Tue Dec 10,/brk/cas/4238017365.html,SEXY BOTTOM SEEKING HAIRY GENTLEMAN  - t4m
Tue Dec 10,/que/cas/4238056921.html,mamada discreta  uso lenceria de mujer - t4m
Tue Dec 10,/mnh/cas/4214400897.html,+SEXYLATINA Taste you Now**Your place - w4m
Tue Dec 10,/brk/cas/4233540668.html,WE ARE HIRING NEW SEXY FREAKY FEMALES TO BECOME TOP ESCORTS APPLY HERE - m4w
Tue Dec 10,/brk/cas/4237893593.html,Mz.Melly is looking for some fun and finance - w4m
Tue Dec 10,/lgi/cas/4238064731.html,Sub male seeking a couple - m4mw
Tue Dec 10,/mnh/cas/4237941466.html,"VGL,professional man seeks Asian couple - m4mw"
Tue Dec 10,/mnh/cas/4238064302.html,MARRIED &amp; EAGER TO SUCK - m4m
Tue Dec 10,/mnh/cas/4237895274.html,!!~~!! No talking just Fucking !!~~!! - w4m
Tue Dec 10,/brx/cas/4237945813.html,let me warm u up - t4m
Tue Dec 10,/que/cas/4238017616.html,Married For Same. - m4w
Tue Dec 10,/que/cas/4234175006.html,are you ready...lets live out ur fantasies - w4m
Tue Dec 10,/mnh/cas/4227343758.html,"Pig Sub wants Wild, Raunchy, Nasty Dom NOW - m4m"
Tue Dec 10,/mnh/cas/4238061252.html,VGL  MUSCLE BTTM - m4m
Tue Dec 10,/mnh/cas/4230652742.html,Looking for a rough &amp; wild scat/piss experience - m4m
Tue Dec 10,/mnh/cas/4237905945.html,AMERICA'S BEST KEPT SECRET &gt;&gt; TS MEGAN &lt;&lt; YOUR FAVORITE WHITE GIRL -
Tue Dec 10,/brk/cas/4238026733.html,tasty tuesday special - w4m
Tue Dec 10,/mnh/cas/4237994959.html,Tuesday Afternoon Massage - m4m
Tue Dec 10,/mnh/cas/4238037348.html,Asian donor available to help get you pregnant with for asian features - m4w
Tue Dec 10,/brx/cas/4238059370.html,Couple Wanted - mw4mw
Tue Dec 10,/mnh/cas/4237916689.html,Hot rub down at my place or yours - m4m
Tue Dec 10,/mnh/cas/4238059008.html,Watch the Fashion Show with me? - w4w
Tue Dec 10,/que/cas/4238016047.html,Come Get your Dick and Toes Sucked by a Pretty CD girl - t4m
Tue Dec 10,/que/cas/4237928416.html, Need Driver - w4m
Tue Dec 10,/jsy/cas/4229640884.html,Looking for SUBMISSIVE WOMAN that enjoys SUCKING COCK - m4w
Tue Dec 10,/mnh/cas/4228814725.html,Fraternity Pledgemaster wanted - m4m
Tue Dec 10,/mnh/cas/4221306211.html,"weekends fun? if you see this ad, then i am still hunting! - m4mm"
Tue Dec 10,/mnh/cas/4211162456.html,bottom slut for big cocks m4m and m4mm - m4t
Tue Dec 10,/brx/cas/4227195123.html,the hottest commodity  - t4m
Tue Dec 10,/mnh/cas/4237950944.html,Have anyone late N8 Fun ....?? - w4m
Tue Dec 10,/mnh/cas/4237971874.html,Young and Slender Guy Here for FWB or a One-Off - m4m
Tue Dec 10,/que/cas/4237979207.html,Sexy Young Hot Just What You Need. - w4m
Tue Dec 10,/mnh/cas/4187804883.html,"VGL SWM SEEKS CURVY BLK, LATNA , ASIAN WOMEN - m4w"
Tue Dec 10,/que/cas/4238043610.html,8 inch big dick top for TS - m4t
Tue Dec 10,/mnh/cas/4197043045.html,bi sexual/ bi fem/ curious mixer - w4w
Tue Dec 10,/mnh/cas/4238020486.html,"Woman from out of town at a Hotel,who needs oral pampering? - m4w"
Tue Dec 10,/mnh/cas/4191742514.html,"VGL SWM SEEKS CURVY BLK, LATNA , ASIAN WOMEN - m4w"
Tue Dec 10,/mnh/cas/4238029381.html,good looking guy looking for straight scat top - m4m
Tue Dec 10,/mnh/cas/4197044097.html,DOES ANYONE ACTUALLY WANNA FUCK ON HERE?? - m4w (NNJ)  - m4w
Tue Dec 10,/mnh/cas/4227938795.html,LOOKING FOR POLYAMOROUS RELATIONSHIP?????- - w4w - 34 (nnj)) - - w4w ( - w4w
Tue Dec 10,/mnh/cas/4238021225.html, Need sex and to go out  - w4m
Tue Dec 10,/brx/cas/4238028687.html,WARNING: JENNY 19yo from Bronx dangerous - w4m
Tue Dec 10,/brk/cas/4238041259.html,It is a cold day... let's heat it up!!! - m4w
Tue Dec 10,/brk/cas/4234129079.html,I wanna do the nasty... - t4m
Tue Dec 10,/que/cas/4237998367.html,SEXXXY PERLITA HOT - t4m
Tue Dec 10,/lgi/cas/4234633933.html,18yo looking for girl to have skype sessions with:) - m4w
Tue Dec 10,/brk/cas/4238033693.html,Sweeeet Cunt Doll - w4m
Tue Dec 10,/brx/cas/4208733633.html,Make me your sex slave - m4m
Tue Dec 10,/brx/cas/4237880160.html,Passable Transsexual Goddess - t4m
Tue Dec 10,/brk/cas/4234293947.html,HAND JOB - m4w
Tue Dec 10,/mnh/cas/4237832307.html,* * * * BI GROUP PLAY PARTY  - mw4mw
Tue Dec 10,/mnh/cas/4238028882.html, I give really good masseges  - w4m
Tue Dec 10,/que/cas/4238038900.html,please strap me - m4w
Tue Dec 10,/wch/cas/4221885443.html,FAT FREAK CHUB BOTTOM - m4m
Tue Dec 10,/wch/cas/4238030941.html,Any Tgirls for FWB? - m4t
Tue Dec 10,/brk/cas/4237887602.html,*come and heat up with coco* - w4m
Tue Dec 10,/mnh/cas/4227464943.html,ASIA MEI; Exotic Beauty awaits you! CUM ON MY TITS! - t4m
Tue Dec 10,/mnh/cas/4237920584.html,ðŸ’‹AMERICAS BEST KEPT SECRET : turn it to the TOP notch - t4m
Tue Dec 10,/mnh/cas/4237947212.html,Seeking man to brutally fuck my mouth - w4m
Tue Dec 10,/mnh/cas/4227074409.html,_________________HARDCORE THROAT ABUSE______________________ - m4w
Tue Dec 10,/mnh/cas/4227076077.html,Petite Asian Hottie - m4w
Tue Dec 10,/mnh/cas/4237931167.html,looking for lust in all the wrong places? - w4m
Tue Dec 10,/mnh/cas/4215288639.html,BARELY LEGAL - m4w
Tue Dec 10,/mnh/cas/4208068799.html,DEEPTHROAT BJ - m4w
Tue Dec 10,/mnh/cas/4208107034.html,THROATED - m4w
Tue Dec 10,/mnh/cas/4208059736.html,FACIAL ABUSE - m4w
Tue Dec 10,/que/cas/4238056340.html,Just looking for casual fun ;) - m4w
Tue Dec 10,/mnh/cas/4208068132.html,BBBJ - m4w
Tue Dec 10,/que/cas/4221688380.html,Looking 4 a  BBJ Weekly Release M4W  - m4w
Tue Dec 10,/mnh/cas/4202145586.html,SLOPPY HEAD - m4w
Tue Dec 10,/que/cas/4229415818.html,Looking 4 a  BBJ Weekly Release M4W  - m4w
Tue Dec 10,/brk/cas/4238055907.html,               i like it - w4m
Tue Dec 10,/mnh/cas/4237939652.html,REVIEWS     REVIEWS     REVIEWS - t4m
Tue Dec 10,/que/cas/4213485029.html,Looking 4 a  BBJ Weekly Release M4W  - m4w
Tue Dec 10,/fct/cas/4238047786.html,Curious clean white guy wants to eat cum filled hole - m4mw
Tue Dec 10,/brx/cas/4237944392.html,need some chocolate - m4w
Tue Dec 10,/mnh/cas/4238047001.html,looking for a couple of guys to have fun with? - mm4w
Tue Dec 10,/que/cas/4238046881.html,hot sex - m4w
Tue Dec 10,/brk/cas/4238025228.html, Kate seeks small endowment  - w4m
Tue Dec 10,/mnh/cas/4237930836.html,Young Mixed Ebony Beauty  - w4m
Tue Dec 10,/brx/cas/4184973273.html,GAY ASIAN BOTTOM DOCTOR LOOKING FOR GAY TOP BLACKS WITH BIG BLACK COCK - m4m
Tue Dec 10,/que/cas/4234085099.html,Ts Kanella  - t4m
Tue Dec 10,/mnh/cas/4237813291.html,FEMALE SPA PARTNER WANTED - m4w
Tue Dec 10,/brx/cas/4237968048.html,time for fun - m4w
Tue Dec 10,/wch/cas/4237834928.html,Something new for the Elmsford area....  - w4m
Tue Dec 10,/stn/cas/4238016448.html,seeking a female whos up for this idea - m4w
Tue Dec 10,/brx/cas/4237987945.html,bottom bubble needs popping - m4m
Tue Dec 10,/brx/cas/4226925358.html,MS.nomi banXX - w4m
Tue Dec 10,/lgi/cas/4237893155.html,Snowing outside - Panty play inside - m4m
Tue Dec 10,/que/cas/4237902904.html,Pampering Tuesday - w4m
Tue Dec 10,/mnh/cas/4237959971.html,"***SEEKING 1 Married Woman, Let's feel the Butterflies Again*** - m4w"
Tue Dec 10,/brk/cas/4237835743.html,"Sweet, smart, normal guy - 24 - m4w"
Tue Dec 10,/mnh/cas/4237915975.html,I want to give you a disciplinary spanking - m4w
Tue Dec 10,/brk/cas/4228583151.html,I would Love to rub your pussy - m4w
Tue Dec 10,/brx/cas/4232477078.html,*****SASHA**** - w4m
Tue Dec 10,/jsy/cas/4205157944.html,"Verse european seeking sexy  gurl, for pleasurable time - m4t"
Tue Dec 10,/mnh/cas/4220271559.html,Stop by for a full body massage with a special ending - m4w
Tue Dec 10,/que/cas/4222288951.html,29 yo bi here looking for a guy around my age to show me ropes - m4m
Tue Dec 10,/brk/cas/4203037072.html,any females into fat guys :) - m4w
Tue Dec 10,/mnh/cas/4214944481.html,ONLY IF U GOT A PRVT GLORYHOLE - m4m
Tue Dec 10,/wch/cas/4214314707.html,any couples looking? - m4mw
Tue Dec 10,/brk/cas/4234189860.html,suck...........*............. big.............*........... cock  - w4m
Tue Dec 10,/mnh/cas/4216274278.html,Lookin to host a big dick for this fat ass - m4m
Tue Dec 10,/mnh/cas/4222954451.html,Wanted: Black TS - m4t
Tue Dec 10,/brk/cas/4223781569.html,28 yo bi italian kid here leaving work on court street anyone free?? - m4m
Tue Dec 10,/brk/cas/4237925781.html,A new lifestyle  - w4m
Tue Dec 10,/mnh/cas/4196930802.html,discreet blk bottom  - m4m
Tue Dec 10,/stn/cas/4234529736.html,tattooed sexy girl - m4w
Tue Dec 10,/brx/cas/4238031011.html,big dick niggas eat pussy too - m4w
Tue Dec 10,/mnh/cas/4209604693.html,Sexy mani - w4m
Tue Dec 10,/mnh/cas/4237812463.html, st8 porn star party needs girls - mm4ww
Tue Dec 10,/mnh/cas/4220274013.html,Naughty Fun in the S*now*? - m4w
Tue Dec 10,/brx/cas/4211895952.html,PARTY BOTTOM LOOKING A BLK BIG DICK TOP/NICE BODY 18-30 TO PNP - m4m
Tue Dec 10,/brk/cas/4234531716.html,Looking for a HJ - m4t
Tue Dec 10,/que/cas/4238008136.html,LOOKING FOR NSA FUN ASAP GOOD LOOKING ;) - m4w
Tue Dec 10,/que/cas/4238043174.html,FEED ME YOUR MEAT - m4m
Tue Dec 10,/wch/cas/4234530217.html,"Anal, Taboo, Creampie, all fetishes and fantasies - m4w"
Tue Dec 10,/jsy/cas/4237842781.html," Up super early,morning sex - w4m"
Tue Dec 10,/wch/cas/4234530972.html,Anal virgin? Anal Creampie? Inquire within  - m4w
Tue Dec 10,/wch/cas/4234533358.html,Attached looking for FWB  - m4w
Tue Dec 10,/jsy/cas/4188711363.html,Looking for SUBMISSIVE WOMAN that enjoys SUCKING COCK - m4w
Tue Dec 10,/mnh/cas/4238040744.html,cocksucker into cum showers and cum facials hosting after 6:00 PM  - m4m
Tue Dec 10,/mnh/cas/4238048064.html,NIPPLE FUN with mature CD - t4m
Tue Dec 10,/lgi/cas/4237924764.html,massage after the snow - m4m
Tue Dec 10,/fct/cas/4237968614.html,Let me cum in your pussy - m4w
Tue Dec 10,/mnh/cas/4218164372.html,Need a dominate couple - mw4mw
Tue Dec 10,/que/cas/4223444438.html,top?i can suck you - t4m
Tue Dec 10,/stn/cas/4212503897.html,older black women only - m4w
Tue Dec 10,/stn/cas/4214942103.html,Big Girls Only - m4w
Tue Dec 10,/mnh/cas/4232808203.html, PHONE FUN RIGHT NOW - m4w
Tue Dec 10,/mnh/cas/4238028909.html,Bi Male for Couples THU-FRI night - m4mw
Tue Dec 10,/brk/cas/4212494291.html,Hot Hung whiteboy for a Sexi Black chick - m4w
Tue Dec 10,/mnh/cas/4234536043.html, PHONE FUN  - m4w
Tue Dec 10,/stn/cas/4212496614.html,Looking for an older woman  - m4w
Tue Dec 10,/brx/cas/4227191937.html,The Best Discrete Experience  - t4m
Tue Dec 10,/brx/cas/4211895221.html,PARTY BOTTOM LOOKING A BLK BIG DICK TOP/NICE BODY 18-30 TO PNP - m4m
Tue Dec 10,/stn/cas/4212498347.html,Dirty black chick needed - m4w
Tue Dec 10,/mnh/cas/4234539825.html,SKYPE SKYPE SKYPE - m4w
Tue Dec 10,/stn/cas/4214705053.html,Big/Thick Chicks/BBW's - m4w
Tue Dec 10,/mnh/cas/4234319535.html,Mutual Masturbation &amp; Oral Fun? - m4w
Tue Dec 10,/mnh/cas/4195446914.html,ASS EATING ever want to try it but to shy to ask for it - m4w
Tue Dec 10,/brk/cas/4238026483.html,looking to have some fun - w4mw
Tue Dec 10,/mnh/cas/4238026458.html,Can someone tell me who this man is? - t4m
Tue Dec 10,/brk/cas/4234054389.html,A Nice Relaxing Full Body Massage Wanted By Curvy Thick Black Girl - w4m
Tue Dec 10,/que/cas/4238007814.html,completely satisfiedÃƒâ€šÃ‚Â â˜Žâ˜Žâ˜Ž - w4m
Tue Dec 10,/mnh/cas/4223036275.html,Need to have your Ass Licked for a while? - m4w
Tue Dec 10,/mnh/cas/4238018741.html,bored on a cold day - m4m
Tue Dec 10,/que/cas/4223853636.html,BBC LOOKING FOR SOME LATE NIGHT CAR FUN - m4w
Tue Dec 10,/brx/cas/4207301941.html,"shy sexy girl with glasses wanted., - m4w"
Tue Dec 10,/mnh/cas/4238007350.html,evening date with blonde - w4m
Tue Dec 10,/mnh/cas/4222853602.html,Would love to orally please a sexy woman with a Clit Piercing - m4w
Tue Dec 10,/brk/cas/4234533195.html,HUNG WHITE BOY LOOKIN 4 A CHICK WITH A HUUUGE ASS - m4w
Tue Dec 10,/mnh/cas/4234532560.html,Want a bj? - m4t
Tue Dec 10,/mnh/cas/4237996933.html,phone toy anywhere  - m4w
Tue Dec 10,/mnh/cas/4237981831.html,do what you want with my body - m4m
Tue Dec 10,/brx/cas/4223107206.html,LOOK FOR BX9 BUS PUSSY  - m4w
Tue Dec 10,/mnh/cas/4216521574.html,It's good to know what you want..... - m4w
Tue Dec 10,/brx/cas/4223112551.html,Older pussy wanted must be over 40  - m4w
Tue Dec 10,/mnh/cas/4216652008.html,Sexy Bi Woman open to a Foursome? - mw4w
Tue Dec 10,/brx/cas/4223124981.html,SLOPPY HEAD - m4w
Tue Dec 10,/brx/cas/4210015114.html,Fully loaded  - t4m
